<?xml version="1.0" encoding="UTF-8"?>
<beans
	xsi:schemaLocation="http://www.springframework.org/schema/mvc 
	http://www.springframework.org/schema/mvc/spring-mvc-4.3.xsd
		http://www.springframework.org/schema/beans
	    http://www.springframework.org/schema/beans/spring-beans.xsd
		http://www.springframework.org/schema/context
		http://www.springframework.org/schema/context/spring-context-4.3.xsd
       http://www.springframework.org/schema/tx 
       http://www.springframework.org/schema/tx/spring-tx.xsd"
	  xmlns:tx="http://www.springframework.org/schema/tx"
	  xmlns="http://www.springframework.org/schema/beans"
	  xmlns:xsi="http://www.w3.org/2001/XMLSchema-instance"
	  xmlns:context="http://www.springframework.org/schema/context"
	  xmlns:mvc="http://www.springframework.org/schema/mvc">


	<context:component-scan
		base-package="com.mamun.web.controllers"></context:component-scan>
	<mvc:annotation-driven></mvc:annotation-driven>

	<bean id="jspViewResolver"
		class="org.springframework.web.servlet.view.InternalResourceViewResolver">
		<property name="prefix" value="/WEB-INF/jsps/"></property>
		<property name="suffix" value=".jsp"></property>
	</bean>

	<!-- Load Custom Message resources -->
	<bean id="messageSource"
		class="org.springframework.context.support.ResourceBundleMessageSource">
		<property name="basenames" value="resourses/messages"></property>
	</bean>

	<!-- Step 1: Define Database DataSource / connection pool -->
	<bean class="com.mchange.v2.c3p0.ComboPooledDataSource"
		destroy-method="close" id="myDataSource">
		<property value="com.mysql.jdbc.Driver" name="driverClass" />
		<property
			value="jdbc:mysql://localhost:3307/student_db?useSSL=false"
			name="jdbcUrl" />
		<property value="springstudent" name="user" />
		<property value="springstudent" name="password" />

		<!-- these are connection pool properties for C3P0 -->
		<property value="5" name="initialPoolSize" />
		<property value="5" name="minPoolSize" />
		<property value="20" name="maxPoolSize" />
		<property value="30000" name="maxIdleTime" />
	</bean>

	<!-- Step 2: Setup Hibernate session factory -->
	<bean
		class="org.springframework.orm.hibernate5.LocalSessionFactoryBean"
		id="sessionFactory">
		<property name="dataSource" ref="myDataSource" />
		<property value="com.mamun.ice.spring.entity"
			name="packagesToScan" />
		<property name="hibernateProperties">
			<props>
				<prop key="hibernate.dialect">org.hibernate.dialect.MySQLDialect</prop>
				<prop key="hibernate.show_sql">true</prop>
			</props>
		</property>

	</bean>

	<!-- Step 3: Setup Hibernate transaction manager -->
	<bean
		class="org.springframework.orm.hibernate5.HibernateTransactionManager"
		id="myTransactionManager">
		<property name="sessionFactory" ref="sessionFactory" />
	</bean>

	<!-- Step 4: Enable configuration of transactional behavior based on annotations -->

	<tx:annotation-driven
		transaction-manager="myTransactionManager" />

	<!-- Add support for reading web resources: css, images, js, etc ... -->
	<mvc:resources mapping="/resources/**"
		location="/resources/" />
</beans>
